id,created_at,text
739307819015372801,2016-06-05 04:08:14,"RT @AshDubey_: Modi ji in panic. he went out of India bcs of Kejriwal's Goa rally...  

;) https://t.co/XuHSg5MGHi"
739307816431804417,2016-06-05 04:08:13,"RT @abhiztweets: @lindsaypereira Mistakingly?
Here we spot a Leftard/Aaptard/CONgressi
BJP governs half of India's mass, and Mr. Modi's pop‚Ä¶"
739307813353226241,2016-06-05 04:08:13,"RT @SirJadeja: .@ShashiTharoor
1.Price Is Rs 90-120 Not 200
2.No LPG Subsidy If Income&gt;10L
3.No Job? Who's Responsible? 2yrs Of Modi Govt O‚Ä¶"
739307809909641216,2016-06-05 04:08:12,"#TheDailyFix: Modi's chance to use America against Pakistan, plus nine other weekend reads https://t.co/rpFxBoNhtG https://t.co/FIBmm7uqgJ"
739307804872179714,2016-06-05 04:08:11,"RT @kriteshtiwari31: #YuvaShakti Thanks modi govt for creating revolution #SkillIndia #StartupIndiaFirst step towards #VishvGuru"
739307789739253760,2016-06-05 04:08:07,"RT @indophyle: Hahaha look at this dimwit @lindsaypereira, these anti-Indians would have to continue to order more &amp; more Burnol. #Doha #Mo‚Ä¶"
739307773851111430,2016-06-05 04:08:03,"RT @subhash_kota: Na tha kuch to Modi tha...
kuch na hota to Modi hota...! https://t.co/Bio3mRaLls"
739307773691715585,2016-06-05 04:08:03,"@sandeep011077 Sahab abhi foreign tour pey gayehai,Wapas aatey hi Maanki Baat kahengey.
Bhaktsr proud Modi caught Dawood."
739307772098056192,2016-06-05 04:08:03,"RT @amitshahfanclub: In all schemes combined, Modi govt has already trained 1.5 cr youth in job-oriented skills. #YuvaShakti @narendramodi"
739307768729862144,2016-06-05 04:08:02,deeds of of modi led to trend #PsycopathCowardModi by citizens of india
739307759619825664,2016-06-05 04:08:00,"RT @SwachhPolitics: Modi a 'coward' and a 'psychopath': Arvind Kejriwal following CBI raid  #PsychopathCowardModi
https://t.co/9x9tlY2k7W v‚Ä¶"
739307755870134272,2016-06-05 04:07:59,RT @rvaidya2000: No limit to nonsense:Best thing is to make RRR as PM and ask Modi to go back to Gujarat--Then all world FII will be in ind‚Ä¶
739307755719118849,2016-06-05 04:07:59,"5 India Must-Reads As Modi Heads To USA, GDP Surges... https://t.co/QSdQbLdy9e https://t.co/u90AF5A9iH"
739307748228247552,2016-06-05 04:07:57,"RT @Ghaafil: Mujhe dar hai, kahin yeh na siddh ho jaye ki Modi dharti pe pehle manushya hain, aur hum sab monkey... #MonkeyBath https://t.c‚Ä¶"
739307732486914048,2016-06-05 04:07:53,"RT @SanghParivarOrg: Every Gram Panchayat, Block Panchayat, Zila Panchayat has been consulted by Modi govt for NEP. #YuvaShakti"
739307730180005888,2016-06-05 04:07:53,RT @iAnkurSingh: The same people who calculated that Modi  will give gas at 16$ and cost on bullet Train ticket will be 75k? https://t.co/L‚Ä¶
739307714824704002,2016-06-05 04:07:49,RT @AdityaZaveri: 62 New Navodya Vidayalays being opened by Modi govt to educate every youth. #YuvaShakti
739307707157651456,2016-06-05 04:07:47,RT @sagarikaghose: CEO Modi promises efficiency but where's the empathy? My piece today in STOI https://t.co/n3VJHDzjWF
739307699628871680,2016-06-05 04:07:45,Modi‚Äôs Five-Nation Tour: Grand Welcome at Qatar || NTV https://t.co/M84oiNEQWT
739307695174496256,2016-06-05 04:07:44,"RT @amitshahfanclub: In all schemes combined, Modi govt has already trained 1.5 cr youth in job-oriented skills. #YuvaShakti @narendramodi"
739307688484474884,2016-06-05 04:07:43,"RT @sagarikaghose: Instead of a corporate event at India Gate, why did Modi sarkar not spend day in drought hit areas? My take in STOI: htt‚Ä¶"
739307672957128704,2016-06-05 04:07:39,RT SwachhPolitics: #PsychopathCowardModi Historical tweets on  Modi #Coward &amp; #Psychopath https://t.co/7SGzST441h 1 2
739307668649574400,2016-06-05 04:07:38,RT @sadako3d: Êú¨Êó•ÈñãÂÇ¨‚ô™„ÄêÊ∏ãË∞∑MODI„ÅßÁßÅ„Å®„Éë„Ç∑„É£„É™‚òÜ„Äë‚Ä¶„ÄåË≤ûÂ≠êvs‰ºΩÊ§∞Â≠ê„Äç„ÅÇ„Å™„Åü„ÅØ„Å©„Å£„Å°ÔºÅÔºü ÊúÄÊÅêÁ∑èÈÅ∏ÊÅê in SHIBUYAÈñãÂÇ¨„Åó„Åæ„ÅôÔºÅÊú¨Êó•13ÔΩû17ÊôÇÊ∏ãË∞∑MODIÔºàÊóß„Éû„É´„Ç§ÔºâÂ∫óÈ†≠„Éó„É©„Ç∂„ÅßÊäïÁ•®„Ç§„Éô„É≥„Éà„ÇÑ„Å£„Å°„ÇÉ„ÅÑ„Åæ„Åô‚òÜÁßÅ„Å®‰ºΩÊ§∞Â≠êÂßâ„Åï„Çì„Å®„Éà„ÉÉ„Ç∑„Éº„Åå„ÅäÂæÖ„Å°„Åó„Å¶„Åä„Çä„Åæ‚Ä¶
739307661699604480,2016-06-05 04:07:36,"@NavuluriVRao ""You know this Pandya murder case is like a volcano. Once the truth is out,.. Modi will be in prison."""
739307660978364416,2016-06-05 04:07:36,"RT @goyalsanjeev: Where were U mam @sagarikaghose when Modi spent Diwali on Icey heights of Siachin wd soldiers?
#WhiningPresstitutes https‚Ä¶"
739307656381403136,2016-06-05 04:07:35,"So many problems around the world and @ArvindKejriwal has nothing but to blame @narendramodi !! The new political mantra ""HATE MODI"". IDIOTS"
739307647015346176,2016-06-05 04:07:33,RT @rwac48: 'Fifth Column:A new dawn?'-IE.Modi Ji will rein them in.But who gave the loose reins? https://t.co/1TJhkXrcKU https://t.co/dRmY‚Ä¶
739307646466002944,2016-06-05 04:07:33,"RT @arushib93: Through #SkillIndia , Modi govt has increased seats in various institutions in a short span of time. #YuvaShakti https://t.c‚Ä¶"
739307644838547457,2016-06-05 04:07:32,"RT @upma23: In all schemes combined, Modi govt has already trained 1.5 cr youth in job-oriented skills. #YuvaShakti"
739307636550709248,2016-06-05 04:07:30,"RT @being_delhite: Dilli Walon

Who is the real Coward Psychopath?

Kejriwal or Modi?

 #PsychopathCowardModi"
739307635862831106,2016-06-05 04:07:30,RT @Chellaney: In Afghanistan‚Äîwhere US has abandoned reconstructing Kajaki Dam‚ÄîModi inaugurates the Indian-reconstructed Friendship (Salma)‚Ä¶
739307635598561281,2016-06-05 04:07:30,RT @sagarikaghose: Is Modi Sarkar getting trapped in virtual reality? My take in today's STOI: https://t.co/3GIXn0V9dU
739307634730356737,2016-06-05 04:07:30,RT @sagarikaghose: Is Modi Sarkar getting trapped in virtual reality? My take in today's STOI: https://t.co/3GIXn0V9dU
739307631014084612,2016-06-05 04:07:29,"RT @KavinJaywant: India will rule 21st century, the era of knowledge: PM
 https://t.co/oQSzgj0Xmk
#21stCentury #YuvaShakti #21stCenturyNamo‚Ä¶"
739307627906097153,2016-06-05 04:07:28,Will PM Narendra Modi bow to RSS on RBI Governor Raghuram Rajan? - FacenFacts https://t.co/ijsCez1yoi
739307622096994304,2016-06-05 04:07:27,"RT @saaxenanurag: In all schemes combined, Modi govt has already trained 1.5 cr youth in job-oriented skills. #YuvaShakti"
739307605072318466,2016-06-05 04:07:23,"RT @iSKatiyar: In all schemes combined, Modi govt has already trained 1.5 cr youth in job-oriented skills.¬†#YuvaShakti @narendramodi @malvi‚Ä¶"
739307601293250560,2016-06-05 04:07:22,RT @TimesNow: PM Narendra Modi interacts and shares meal with Indian workers in Doha https://t.co/4XKGVFgwL2
739307596893425664,2016-06-05 04:07:21,Modi sarkar me sirf RSS aur atankvadiyo k hi achchhe din aaye h.vo din ab dur nhi jab log Modi sarkar se mukt hone ki mang karne lagege
739307595425402880,2016-06-05 04:07:21,"RT @SirJadeja: Anadita Patel Just Gave Golden Opportunity To #Presstitutes To Say: ""Who Says Modi's Gujarat Is Educated?"" ;) https://t.co/g‚Ä¶"
739307592384536576,2016-06-05 04:07:20,Hindustan Times: Will take up problems faced by Indian workers in Qatar: PM Modi. #ModiInQatar  https://t.co/R5VWsACNnd
739307590992154624,2016-06-05 04:07:20,@sardesairajdeep @sagarikaghose keep dreaming and keep on praying that Modi will be voted out
739307588802711552,2016-06-05 04:07:19,@IndianExpress In two years the Modi wave has changed directions but is Cong ready to exploit ? No credible state leadership in Guj MP UP ..
739307586776768512,2016-06-05 04:07:19,RT @sadako3d: Êú¨Êó•ÈñãÂÇ¨‚ô™„ÄêÊ∏ãË∞∑MODI„ÅßÁßÅ„Å®„Éë„Ç∑„É£„É™‚òÜ„Äë‚Ä¶„ÄåË≤ûÂ≠êvs‰ºΩÊ§∞Â≠ê„Äç„ÅÇ„Å™„Åü„ÅØ„Å©„Å£„Å°ÔºÅÔºü ÊúÄÊÅêÁ∑èÈÅ∏ÊÅê in SHIBUYAÈñãÂÇ¨„Åó„Åæ„ÅôÔºÅÊú¨Êó•13ÔΩû17ÊôÇÊ∏ãË∞∑MODIÔºàÊóß„Éû„É´„Ç§ÔºâÂ∫óÈ†≠„Éó„É©„Ç∂„ÅßÊäïÁ•®„Ç§„Éô„É≥„Éà„ÇÑ„Å£„Å°„ÇÉ„ÅÑ„Åæ„Åô‚òÜÁßÅ„Å®‰ºΩÊ§∞Â≠êÂßâ„Åï„Çì„Å®„Éà„ÉÉ„Ç∑„Éº„Åå„ÅäÂæÖ„Å°„Åó„Å¶„Åä„Çä„Åæ‚Ä¶
739307576106450946,2016-06-05 04:07:16,#Modi assures #Indian workers in #Qatar that he will raise their issues with the leaders of this nation. - The Hindu https://t.co/fIAp04p22A
739307567927730176,2016-06-05 04:07:14,"RT @Rishu_Sharma_6: Even court found nothing wrong in this remark #PsychopathCowardModi
https://t.co/HklejOVu8Y"
739307565993988100,2016-06-05 04:07:14,"Na tha kuch to Modi tha...
kuch na hota to Modi hota...! https://t.co/Bio3mRaLls"
739307559987843072,2016-06-05 04:07:12,"RT @DanielGreygoose: La vera eleganza √® indossare la verit√†, cercando in tutti i modi di non fare male agli altri."
739307540341788672,2016-06-05 04:07:07,"RT @Trend4NaMo: #YuvaShakti - 9:00 AM (5th June)

Friends, the work done by Modi govt for youth is unparalleled so we are trending this"
739307529084280833,2016-06-05 04:07:05,"RT @rohitmishra183: @digvijaya_28 Sir aisa lagta hain ki aapse bada Modi Bhakt koi nahin hia, Lage raho sir aapka bht bada yogdan hai #Cong‚Ä¶"
739307527322501125,2016-06-05 04:07:04,"Retweeted Narendra Modi (@narendramodi):

Know why Kapalbhati is advantageous for you and why you must consider... https://t.co/MV4kFj73LN"
739307516765429761,2016-06-05 04:07:02,RT @sufeelkhan8: Modi jii answer do n.a. ab https://t.co/H1dNwKaowB
739307515570163712,2016-06-05 04:07:02,@sagarikaghose ever found a SINGLE +ve point in Modi-rule? That's why UR a SLUR on journos!India love s to hate you! https://t.co/wepQ4GUnPe
739307514181869568,2016-06-05 04:07:01,@Swamy39 is national icon of India. #modi #truewarrior #satyamevjayte fighting against financial slavery of indians https://t.co/R42qqrpaVv
739307510159417348,2016-06-05 04:07:00,RT @sadako3d: Êú¨Êó•ÈñãÂÇ¨‚ô™„ÄêÊ∏ãË∞∑MODI„ÅßÁßÅ„Å®„Éë„Ç∑„É£„É™‚òÜ„Äë‚Ä¶„ÄåË≤ûÂ≠êvs‰ºΩÊ§∞Â≠ê„Äç„ÅÇ„Å™„Åü„ÅØ„Å©„Å£„Å°ÔºÅÔºü ÊúÄÊÅêÁ∑èÈÅ∏ÊÅê in SHIBUYAÈñãÂÇ¨„Åó„Åæ„ÅôÔºÅÊú¨Êó•13ÔΩû17ÊôÇÊ∏ãË∞∑MODIÔºàÊóß„Éû„É´„Ç§ÔºâÂ∫óÈ†≠„Éó„É©„Ç∂„ÅßÊäïÁ•®„Ç§„Éô„É≥„Éà„ÇÑ„Å£„Å°„ÇÉ„ÅÑ„Åæ„Åô‚òÜÁßÅ„Å®‰ºΩÊ§∞Â≠êÂßâ„Åï„Çì„Å®„Éà„ÉÉ„Ç∑„Éº„Åå„ÅäÂæÖ„Å°„Åó„Å¶„Åä„Çä„Åæ‚Ä¶
739307489636831234,2016-06-05 04:06:55,RT @ZoomIndianMedia: Finally Modi Model Vs $onia Model | Vadodara Vs Amethi http://t.co/mMtHN3WYhq @nsitharaman @M_Lekhi @AmitShahOffice @m‚Ä¶
739307487661264896,2016-06-05 04:06:55,RT @iAnkurSingh: The same people who calculated that Modi  will give gas at 16$ and cost on bullet Train ticket will be 75k? https://t.co/L‚Ä¶
739307481155829760,2016-06-05 04:06:53,@AgentSaffron @YRDeshmukh UPSC is bought over by Modi/sangh...to produce saffron terror;))
739307473505550336,2016-06-05 04:06:52,"RT @DOCTORATLARGE: And if Modi doesn't want Raghuram Rajan, he's perfectly justified in replacing him. People voted for Modi's economic vis‚Ä¶"
739307473035776000,2016-06-05 04:06:51,"RT @MirzaShabbir01: Modi-BJP not letting AAP Govt to work freely, making obstructions through DP ,LG, MCD, DDA......#Shame

#PsychopathCowa‚Ä¶"
739307468312829952,2016-06-05 04:06:50,@sagarikaghose Wrt yr toi art CEO Modi - have u ever voiced against a family run India in poverty but offering themselves BR after BR too?
739307463472611332,2016-06-05 04:06:49,Dawood-Khadse conversation: Prime Minister Narendra Modi briefed on... https://t.co/yuZUAolvlu https://t.co/BxY2mU2vYM
739307462138966016,2016-06-05 04:06:49,"RT @RpG_89: Like Modi, Arnab keeps doing wat he wants &amp; Rahul Kanwal like Kejriwal ends up sly tweeting abt Arnab on twitter where he isnt‚Ä¶"
739307462038261760,2016-06-05 04:06:49,RT @amitakjain: Ganga in Varanasi...Before and after Modi govt..üëèüëè https://t.co/EQKHEx3KD8
739307457743360000,2016-06-05 04:06:48,"RT @goyalsanjeev: Where were U mam @sagarikaghose when Modi spent Diwali on Icey heights of Siachin wd soldiers?
#WhiningPresstitutes https‚Ä¶"
739307456413589504,2016-06-05 04:06:47,"RT @Madan_Chikna: Modi- I'm big fan of yours and Art of Living in India

Sri Sri- Me too big fans of urs and ur Art of Leaving India. https‚Ä¶"
739307447098191873,2016-06-05 04:06:45,"V support @narendramodi coz coming days wud b corruption less, transparent n fast. Believe on Modi ji. Bt at prsnt ppl feeling uneasy."
739307436411133952,2016-06-05 04:06:43,"RT @iamYSfromTS: RT-@jairajp #Modi ji's Aviation..@alamgirizvi

#BJP #EknathKhadse
&amp;
#TDP #AshokGajapatiRaju

#BJP-#TDP Govt. in #AP https:‚Ä¶"
739307432334229504,2016-06-05 04:06:42,"RT @KavinJaywant: India will rule 21st century, the era of knowledge: PM
 https://t.co/oQSzgj0Xmk
#21stCentury #YuvaShakti #21stCenturyNamo‚Ä¶"
739307421949165568,2016-06-05 04:06:39,"RT @Neera_26: amazing consistency in leftist @nytimes anti India rants esp now that a ""Hindu Right"" govt under Modi is in power!  https://t‚Ä¶"
739307419600228352,2016-06-05 04:06:39,"RT @girirajsinghbjp: ‡§™‡•ç‡§∞‡§ß‡§æ‡§®‡§Æ‡§Ç‡§§‡•ç‡§∞‡•Ä ‡§Æ‡•ã‡§¶‡•Ä 8 ‡§ú‡•Ç‡§® ‡§ï‡•ã ‡§ï‡§∞‡•á‡§Ç‡§ó‡•á ‡§Ö‡§Æ‡•á‡§∞‡§ø‡§ï‡•Ä ‡§∏‡§Ç‡§∏‡§¶ ‡§ï‡•ã ‡§∏‡§Ç‡§¨‡•ã‡§ß‡§ø‡§§
https://t.co/nsve2QWcml via NMApp"
739307408728547328,2016-06-05 04:06:36,"RT @Rishu_Sharma_6: Even court found nothing wrong in this remark #PsychopathCowardModi
https://t.co/HklejOVu8Y"
739307394807660545,2016-06-05 04:06:33,"RT @rajakumar2611: Every Gram Panchayat, Block Panchayat, Zila Panchayat 
has been consulted by Modi govt for NEP.‚Äã #YuvaShakti"
739307387014643716,2016-06-05 04:06:31,"RT @girirajsinghbjp: PM Modi's another whirlwind diplomatic tour: Breakfast in Delhi ,Lunch in Herat, Dinner in Doha
https://t.co/ZKmrS0wwK‚Ä¶"
739307386372902912,2016-06-05 04:06:31,"RT @bhaiyyajispeaks: Modi: Tayyari Kar le phir aa raha hun
Obama: Haan bacche bhi puchh rahe thhe Dilli waale mama kab aaenge https://t.co/‚Ä¶"
739307383067803648,2016-06-05 04:06:30,"Salma Dam inaugurated, PM Modi assures support to Afghanistan - FacenFacts https://t.co/YiF0vve5vS"
739307381213925376,2016-06-05 04:06:30,"RT @arushib93: Through #SkillIndia , Modi govt has increased seats in various institutions in a short span of time. #YuvaShakti https://t.c‚Ä¶"
739307377799892992,2016-06-05 04:06:29,@javedume Perform and show it to people and AAP can even replace Modi and BJP
739307373353787394,2016-06-05 04:06:28,RT @rameshnswamy: Dr @swamy39 this Gadhanand @dhume predicted that you'll attach Modi govt in 6 months in MAY 2015 @jagdishshetty https://t‚Ä¶
739307357096792064,2016-06-05 04:06:24,"Where were U mam @sagarikaghose when Modi spent Diwali on Icey heights of Siachin wd soldiers?
#WhiningPresstitutes https://t.co/ubV87XErpm"
739307351505784832,2016-06-05 04:06:22,"RT @Neera_26: amazing consistency in leftist @nytimes anti India rants esp now that a ""Hindu Right"" govt under Modi is in power!  https://t‚Ä¶"
739307351258189826,2016-06-05 04:06:22,"RT @SanghParivarOrg: In all schemes combined, Modi govt has already trained 1.5 cr youth in job-oriented skills. #YuvaShakti"
739307340806000642,2016-06-05 04:06:20,PM Modi meets counterpart in Qatar; to focus on economic¬†ties https://t.co/qShNcsyUrB
739307338272669696,2016-06-05 04:06:19,"RT @IYC: By giving clean chit to Pakistan, Modi govt has betrayed the faith of all those who laid down their life for the nation #AccheDin4‚Ä¶"
739307325681340417,2016-06-05 04:06:16,RT @Pri_vision: New Education Policy being finalised by Modi govt for ensuring future of #YuvaShakti.
739307320786591745,2016-06-05 04:06:15,How Modi government's LED programme hopes to emerge as a win-win from consumer point of view - The Economic... https://t.co/cxdQipRWuC
739307315187359744,2016-06-05 04:06:14,@Babuji9 @kalps1616 @rvaidya2000 @dhume They will continue to come for this even if R3 or Modi not there.
739307307721478145,2016-06-05 04:06:12,RT @iAnkurSingh: The same people who calculated that Modi  will give gas at 16$ and cost on bullet Train ticket will be 75k? https://t.co/L‚Ä¶
739307306568028160,2016-06-05 04:06:12,"RT @sagarikaghose: Instead of a corporate style event, Modi Sarkar shd've spent 2nd anniv celebs in drought hit areas: my take in STOI: htt‚Ä¶"
739307305527697409,2016-06-05 04:06:11,dna Morning Must Reads: Jat agitation resumes; PM Modi in Qatar; and¬†more https://t.co/BTEsoyXpgn
739307294496722944,2016-06-05 04:06:09,RT @IYC: The pre poll aggression of PM Modi against Pakistan was just in his words not in action  #AccheDin4Pak
739307285315387392,2016-06-05 04:06:07,Viral Sach: ‡§Æ‡•ã‡§¶‡•Ä ‡§ï‡•á ‡§à‡§∞‡§æ‡§® ‡§ï‡•Ä ‡§ï‡§∞‡•ç‡§ú ‡§ö‡•Å‡§ï‡§æ‡§®‡•á ‡§µ‡§æ‡§≤‡•Ä ‡§ñ‡§¨‡§∞ ‡§ï‡•Ä ‡§∏‡§ö‡•ç‡§ö‡§æ‡§à ‡§ú‡§∞‡•Ç‡§∞ ‡§ú‡§æ‡§®‡•á‡§Ç - Logical Bharat https://t.co/rkFAowRrjF
739307278650638337,2016-06-05 04:06:05,"RT @HartoshSinghBal: third praveen swami story on Modi and a dam. thank god he didn't cover sardar sarovar opening, IE would have run front‚Ä¶"
739307273835552768,2016-06-05 04:06:04,RT @MirrorShourie: In the name of hurting religious sentiments Modi Fans trending #BoycottAmazon however real reason is @RanaAyyub book's h‚Ä¶
739307252910161920,2016-06-05 04:05:59,"RT @americai: Terror attack dropped worldwide by 13% in 2015; under 56"" Modi Sarkar terror attack in India went up by 3.5 % https://t.co/nr‚Ä¶"
739307249831534592,2016-06-05 04:05:58,"RT @amitshahfanclub: In all schemes combined, Modi govt has already trained 1.5 cr youth in job-oriented skills. #YuvaShakti @narendramodi"
739307247638052865,2016-06-05 04:05:58,"RT @being_delhite: Dilli Walon

Who is the real Coward Psychopath?

Kejriwal or Modi?

 #PsychopathCowardModi"
739307247017287684,2016-06-05 04:05:58,"In Mumbai: 10,000 college students join @narendramodi #YuvaShakti Programme. #latest_news https://t.co/h9mwnWK33y"
739307245817630720,2016-06-05 04:05:57,"RT @Neera_26: amazing consistency in leftist @nytimes anti India rants esp now that a ""Hindu Right"" govt under Modi is in power!  https://t‚Ä¶"
739307236233596928,2016-06-05 04:05:55,"In all schemes combined, Modi
govt has already trained 1.5 cr
youth in job-oriented skills.
#YuvaShakti"
738192187880394754,2016-06-02 02:15:07,RT @AmitShah: India grows at 7.9% despite weak monsoons &amp; global slump. NDA Govt deserves huge applause for the superb economic management.
738192168129421312,2016-06-02 02:15:02,RT @AmitShah: Congrats to PM @narendramodi for his exemplary leadership that has spearheaded this economic turnaround in last 2 years. #Tra‚Ä¶
737910820445753344,2016-06-01 07:37:03,"RT @ianuragthakur: Yes,it‚Äôs official-GDP 7.9% makes India worlds fastest growing economy! Result of PM @narendramodi's leadership,truly #Tr‚Ä¶"
736026998049406976,2016-05-27 02:51:25,India is now the World's fastest growing economy. #2YearsOfModiGovt https://t.co/DVLHbIVdDs
736016040174325760,2016-05-27 02:07:53,"RT @kaushaldubey38: When There was only one ""Special Chair"" to sit and the Prime Minister gave it up For a 
 Chief Minister 
#VikasParv htt‚Ä¶"
736015357337468928,2016-05-27 02:05:10,RT @TajinderBagga: Unprecedented gathering for PM rally at Saharanpur #VikasParv https://t.co/yEleNZhSZT
736015028805984256,2016-05-27 02:03:52,RT @smritiirani: Distributed e-Rickshaws in Amethi today with citizen support thru PM Mudra Yojana #VikasParv https://t.co/JnTrodaNb6
735918925905420289,2016-05-26 19:41:59,"RT @MrsGandhi: By that logic, @sanjaynirupam, should the mother-son duo be invited to the upcoming Independence Day celebrations?! https://‚Ä¶"
735650848173264896,2016-05-26 01:56:44,"RT @anandibenpatel: Villages being electrified, citizens being insured &amp;world recognizing power of India- we can proudly say ‡§Æ‡•á‡§∞‡§æ ‡§¶‡•á‡§∂ ‡§¨‡§¶‡§≤ ‡§∞‚Ä¶"
735650766120095744,2016-05-26 01:56:25,RT @manoharparrikar: IIT-Goa approved by cabinet. Thanks to Smt. @smritiirani &amp; PM @narendramodi ji. Goa takes one more step towards becomi‚Ä¶
735357856686432256,2016-05-25 06:32:29,RT @TIME: What Indian Prime Minister Narendra Modi's visit to Iran means for Asia https://t.co/06eyCAGJ20
735357547247480834,2016-05-25 06:31:16,"RT @narendramodi_in: PM @narendramodi attends swearing-in ceremony of the Council of Ministers of Assam https://t.co/gDHOPSF5pX

via NMApp"
735357509070934016,2016-05-25 06:31:07,"RT @IndiaToday: Exclusive: Modi govt has rooted out corruption from telecom ministry: Ravi Shankar Prasad
https://t.co/OZ8H9ZMczb https://t‚Ä¶"
735357451709624320,2016-05-25 06:30:53,RT @nsitharaman: Two years of Modi govt have been intense work committed to cleansing system: Nirmala Sitharaman - The Economic Times https‚Ä¶
537293064318881792,2014-11-25 17:13:43,"RT @dhume: As usual, Modi. RT @TIME: See who's leading the Person of the Year online poll http://t.co/sPVQPFs9wC #TIMEPOY http://t.co/3aHBu‚Ä¶"
516473481848815616,2014-09-29 06:24:08,"RT @ibnlive: Ever since I became the PM, I have not rested for even 15 minutes: @narendramodi #ModiMeetsAmerica http://t.co/vlV5P8Pcqc"
516471413327147008,2014-09-29 06:15:55,Indian media can do much better than this @sardesairajdeep. http://t.co/i5W3qeeZIV
516414085068357633,2014-09-29 02:28:07,"RT @neeta_lulla: In the true sense a Rockstar ,honest,electrifying &amp;motivational speech by our esteemed @narendramodi  @Modi'son square gar‚Ä¶"
516413537057398786,2014-09-29 02:25:56,"RT @neeta_lulla: Indian at heart ,dressed in Khadi@narendramodi conquers many hearts addressing important issues @MODI'SON SQUARE GARDEN"
516276917909987329,2014-09-28 17:23:03,RT @PMOIndia: PIO card holders- they have lot of visa issues. We decided they will get lifelong visas: PM
516276498387329024,2014-09-28 17:21:23,"RT @IndiaToday: I may be small but I dream big: PM Modi #ModiInAmerica 
http://t.co/0UcdTZqlk1 http://t.co/wNku9tcGRj"
516276407492550656,2014-09-28 17:21:02,RT @timesnow: PM Narendra Modi urges Indian Americans to pitch in to clean Ganga #ModiAtMadison
516276379831107584,2014-09-28 17:20:55,RT @ndtv: #ModiAtMadison: 'Gandhiji never compromised on cleanliness. Is it not our responsibility to pay tribute to him by cleaning our co‚Ä¶
515896407903850496,2014-09-27 16:11:03,RT @AnupamPkher: What a brilliant speech by Prime Minister @narendramodi at UNGA! Not only for Indians but also for rest of the world. A ne‚Ä¶
515197828235153408,2014-09-25 17:55:08,"RT @ibnlive: #ModiMeetsAmerica | @narendramodi fans in New Jersey flaunt customised car number plates, BJP tattoos
WATCH: http://t.co/n3kHw‚Ä¶"
515196786042875904,2014-09-25 17:51:00,RT @rupasubramanya: 20 yrs ago @narendramodi posed in front of White House.In few days he'll make state visit as India's PM.Great moment. h‚Ä¶
469540601223217152,2014-05-22 18:09:37,RT @narendramodi: ‡§ß‡§®‡•ç‡§Ø‡§µ‡§æ‡§¶ ‡§ó‡•Å‡§ú‡§∞‡§æ‡§§‡•§ ‡™Ü‡™µ‡™ú‡´ã ‡™ó‡´Å‡™ú‡™∞‡™æ‡™§ !
469288211404292096,2014-05-22 01:26:43,"Cisco CEO John Chambers: Narendra Modi has reputation of being decisive, focused http://t.co/VKnYjv0Xjt"
469263659160465408,2014-05-21 23:49:09,"RT @KartikeyaTanna: So @ArvindKejriwal did give oral *undertaking* even if not a bond. Principle upheld with former, but not latter? ;) htt‚Ä¶"
469209257494077440,2014-05-21 20:12:59,Modi is the 6th most followed world leader on Twitter  http://t.co/1WZuTbswxF
469208665426116608,2014-05-21 20:10:37,"RT @abhijitmajumder: Biggest worry for this nation is that Modi, who got such a big mandate, has a comic set of opponents like RG &amp; Kejriwa‚Ä¶"
469203831788556288,2014-05-21 19:51:25,RT @ianbremmer: How far can Modi take India -- and how fast? My latest at @Reuters http://t.co/Mo6yDTRShZ http://t.co/IUmS2vO6K4
469203309748699138,2014-05-21 19:49:21,"Narendra Modi's Swearing-In: Hamid Karzai, Sheikh Hasina, Mahinda Rajapaksa to Attend http://t.co/mqfXzL3jQt"
469180261804941313,2014-05-21 18:17:46,Chinese thinktank hails Narendra Modi as 'India's Nixon' http://t.co/65EbIXxYok
469127314417020931,2014-05-21 14:47:22,RT @narendramodi: Its a matter of immense pride &amp; joy that Gujarat is getting its 1st woman CM in Anandiben Patel. My best wishes with her ‚Ä¶
469013478913482752,2014-05-21 07:15:01,"Extremely inspiring, heartfelt &amp; candid farewell speech at Gujarat Assembly. The people of Gujarat will miss their leader. #ModiTakesCharge"
468994228279078912,2014-05-21 05:58:32,Emotional moment as Gujarat's beloved CM bids goodbye.
468110993349169154,2014-05-18 19:28:52,RT @MrsGandhi: I've arrived!! http://t.co/LWhjdRi6lj
467210017582501888,2014-05-16 07:48:43,"Almost 67 years after independence, change has finally arrived in India! http://t.co/W4EtBGieYr"
467209506921775105,2014-05-16 07:46:41,"RT @RGVzoomin: R I P Gandhi dynasty 
Born as Nehru 1947  Died as Rahul 2014"
467192910434152449,2014-05-16 06:40:44,RT @narendramodi: India has won! ‡§≠‡§æ‡§∞‡§§ ‡§ï‡•Ä ‡§µ‡§ø‡§ú‡§Ø‡•§ ‡§Ö‡§ö‡•ç‡§õ‡•á ‡§¶‡§ø‡§® ‡§Ü‡§®‡•á ‡§µ‡§æ‡§≤‡•á ‡§π‡•à‡§Ç‡•§
467190361392025600,2014-05-16 06:30:36,"RT @IndiaToday: Congratulated Modi ji,after Gandhiji and Patelji another great leader from Gujarat has emerged: Ramdev #YourVote2014 http:/‚Ä¶"
467190329716666369,2014-05-16 06:30:29,"RT @IndiaToday: NDA PM candidate @NarendraModi is going to meet his mother Heeraben #YourVote2014
http://t.co/sQKsZRHRRL"
467189275671273472,2014-05-16 06:26:17,"RT @timesofindia: BREAKING - Narendra Modi wins from Varanasi, defeats AAP's Arvind Kejriwal. http://t.co/3K9OwutRMA http://t.co/XXlulxZDvC"
467189247611400192,2014-05-16 06:26:11,"RT @firstpostin: BJP's Narendra Modi defeats AAP's Kejriwal by over 50,000 votes. Live updates: http://t.co/lhqICQZtwK #Verdict2014 http://‚Ä¶"
467189215562694656,2014-05-16 06:26:03,RT @YuvaiTV: Big celebration at BJP HQ. ##CongratsNaMo #IMODIfiedIndia #AbHamariModiSarkaar #PMNaMo https://t.co/CaHM0uV5FG
467189156225900544,2014-05-16 06:25:49,RT @India272: A big win for Narendra Modi in Varanasi - now Breaking on http://t.co/O8Rh5Au356 #Mission272News
465872041585807360,2014-05-12 15:12:04,"RT @TodaysChanakya: #TCExitPoll   All India Tally (543 seats) 
#BJP 291 ¬± 14 Seats
#Cong 57 ¬± 9 Seats
#NDA 340 ¬±14 Seats
#UPA 70 ¬±9 Seats
O‚Ä¶"
465871748538187777,2014-05-12 15:10:55,RT @narendramodi: Today once again India has won! The power of the ballot has won &amp; spirit of democracy has emerged supreme. My Blog http:/‚Ä¶
457789021888860160,2014-04-20 07:53:02,RT @FirstpostBiz: Modi is the flavour of Indian election coverage in the US http://t.co/myb7z7wxJd
456662757081759744,2014-04-17 05:17:40,RT @TOIIndianAbroad: US-based NRIs land in India to campaign for Modi http://t.co/Ddhdp9LiUQ
455736390987173888,2014-04-14 15:56:37,"RT @vikramchandra: Big wins for the BJP in Maharashtra, Gujarat and Madhya Pradesh. #ndtvopinionpoll"
455361056215289857,2014-04-13 15:05:10,RT @firstpostin: This election is about deciding where we want to take our nation: Modi
455361000590426112,2014-04-13 15:04:57,RT @AnupamPkher: Jai Ho.:) http://t.co/iq9pxKnHof
455002408653832194,2014-04-12 15:20:02,"""Why I support Narendra Modi"" #WeWantModi #AbKiBaarModiSarkaar https://t.co/AeqjlXW4xg"
454934143206313984,2014-04-12 10:48:46,"RT @MrsGandhi: They rape &amp; kill women, have extra marital affairs &amp; illegitimate kids but will attack a man who sacrificed so much for the ‚Ä¶"
454933414429200384,2014-04-12 10:45:52,RT @BJPAmethi: Shri @arunjaitley on how 'Modi's marital status' has been made a political issue out of desperation &amp; immaturity. http://t.c‚Ä¶
454340681872707584,2014-04-10 19:30:34,"RT @semubhatt: US visa or not, married or not, u like it or not, Modi will be India's next PM. The sooner u accept it, the better for ur me‚Ä¶"
454309975519539201,2014-04-10 17:28:33,RT @thekiranbedi: Frds my support to BJP&amp; @narendramodi is because country TODAY needs to be effectively governed! Without any distinction ‚Ä¶
454164862176722946,2014-04-10 07:51:55,"Narendra Modi has nothing to lose from this election. But we, as a nation, will lose this historic opportunity. #VoteForIndia. #WeWantModi"
454158655475044352,2014-04-10 07:27:15,Dr. @thekiranbedi's appeal to the nation to vote for Narendra Modi https://t.co/FDzmNqWCdJ #WeWantModi #AbKiBaarModiSarkaar
453963971104489472,2014-04-09 18:33:39,"40% of AAP candidates in Madhya Pradesh have criminal records, 30% are billionaires #WeWantModi http://t.co/O5D7rr4Op4"
453831893482356736,2014-04-09 09:48:49,RT @smritiirani: More than 200 factories have closed down in Amethi in 10 years. #AmethiFacts
453828555193847808,2014-04-09 09:35:33,‚ÄúNarendra Modi files nomination in Vadodara after grand roadshow‚Äù http://t.co/Pq4xczUPLn
453620414434906112,2014-04-08 19:48:29,RT @smritiirani: Amethi is the most backward district in Uttar Pradesh in providing healthcare facilities to women and children. #AmethiFac‚Ä¶
452364028728197120,2014-04-05 08:36:03,Padmabhushan Dr. B. M. Hegde talks about his eye opening experience with Mr. Modi https://t.co/qHI5MDJmj4
452362647057342464,2014-04-05 08:30:34,"""Narendra Modi is not a politician. He is a statesman"" #ModiVision #AbKiBaarModiSarkaar https://t.co/qHI5MDJmj4"
452148649623965696,2014-04-04 18:20:13,RT @thekiranbedi: (IndiaFirst) @ndtv: NDTV's Opinion Poll: all-India forecast-BJP-led NDA cud get 259//543 seats http://t.co/z4GhYnOn0Y htt‚Ä¶
452137774729019392,2014-04-04 17:37:00,#AbKiBaarModiSarkaar RT @timesofindia: BJP holds strong lead in last big opinion poll before Lok Sabha election http://t.co/DCg12n1Y3U
452137048980221952,2014-04-04 17:34:07,RT @India272: India272+ is excited to inform you about Narendra Modi's FIRST 3D rally on 6th Apr! Pitch in your ideas in Open Forum http://‚Ä¶
452136267522637824,2014-04-04 17:31:01,"Jai Hind!! ""@vikramchandra: If #ndtvopinionpoll is correct &amp; NDA gets 259, then Modi won't need Jayalalitha/Mamata/BJD/Jagan etc support."""
452135714449137664,2014-04-04 17:28:49,"Maqbool Hassan, a maulvi from a local mosque, says he will vote for Narendra Modi. #AbKiBaarModiSarkaar http://t.co/M3SX8AsaCH"
452129500839428096,2014-04-04 17:04:07,The choice is ours to make. Our vote. Our right. #AbKiBaarModiSarkaar http://t.co/kdjXhXqdIe
452128937758318592,2014-04-04 17:01:53,RT @malviyamit: Ha ha ! #AbkiBaarModiSarkaar http://t.co/OoB9jPpOEY
452128051543814144,2014-04-04 16:58:22,"RT @Ram_Guha: Congressmen who think Priyanka can revive their party are deluded. The Family's charisma is fading, and she brings Mr Vadra's‚Ä¶"
452126074940317696,2014-04-04 16:50:31,@bhupendrachaube #AbKiBaarModiSarkaar
452124516760571904,2014-04-04 16:44:19,Congratulations Team India! Hope we win the real world cup final on May 16th 2014 #AbKiBaarModiSarkaar http://t.co/3S1e2pS21R
452108302759895041,2014-04-04 15:39:53,RT @narendramodi: No NDA state figures in list of top 10 states with high crime rate against women while 7 Congress ruled states figure in ‚Ä¶
452108031149363201,2014-04-04 15:38:49,"Sonia Gandhi‚Äôs rally draws poor attendance, ridicules Narendra Modi‚Äôs ambitions #AbKiBaarModiSarkaar http://t.co/grzBHg4uF7"
452105904540753922,2014-04-04 15:30:22,The Economist is as irrelevant to the Indian Elections as Mr. Rahul Gandhi. It doesn't matter any more. #AbKiBaarModiSarkaar
451970620780056576,2014-04-04 06:32:47,RT @pranavmistry: How many more days before we start our journey to a progressive and strong India! #NaMo4PM  @narendramodi
451970377992773632,2014-04-04 06:31:50,"RT @pranavmistry: Vadodara, Varanasi or Venice. This time @narendramodi #NaMo4PM"
451970059628343296,2014-04-04 06:30:34,"RT @pranavmistry: There is the one who talks about vision, progress and shows results. And then there are some others who just talk about t‚Ä¶"
451969948978397186,2014-04-04 06:30:07,"RT @pranavmistry: This election, let's not devide ourselves into parties and votebanks, let's become one, and build strong and progressive ‚Ä¶"
451760865314734081,2014-04-03 16:39:18,RT @BJPLucknowBJP: #Varanasi Sri @AmitShahOffice Inaugurating Sri @narendramodi Election Office Today @Sunil_deodhar @AmiSri http://t.co/dJ‚Ä¶
451759649620914176,2014-04-03 16:34:28,RT @DeshGujarat: Dr. Subramanian Swamy @Swamy39 to address a press conference in Ahmedabad tomorrow
451759485292273665,2014-04-03 16:33:49,RT @vikramchandra: On #thefinalword with Prannoy Roy - Modi's edge over Rahul widens as education levels go up.
451758502176751616,2014-04-03 16:29:54,RT @ndtv: NDTV's Opinion Poll: Forecast for Karnataka (seats) http://t.co/IbnjrWUvfe http://t.co/foeKBNe9Cd
451757881876951040,2014-04-03 16:27:26,"RT @ibnlive: RT @IBNLivePolitics: Rajasthan tracker: BJP to win 21-25 seats, Cong routed, may get 0-2 http://t.co/df6s3tOp6U #ElectionTrack‚Ä¶"
451757281432981504,2014-04-03 16:25:03,"RT @RajatSharmaLive: ""No one can stop Modi from becoming PM"" says Ramvilas Paswan prompted by son Chirag in Aap Ki Adalat tonight at 10 on ‚Ä¶"
451756058944364544,2014-04-03 16:20:12,RT @ndtv: NDTV opinion poll: BJP-Sena set to win Maharashtra (Forecast Trend) http://t.co/7mthg6gyDN
451755725207785472,2014-04-03 16:18:52,"RT @thekiranbedi: Heard in UP:  ""Twinkle Twinkle Little Star Abh ki Baar Modi Sarkar"" shared @swapan55 on @sardesairajdeep #ElectionTracker‚Ä¶"
451543415713325056,2014-04-03 02:15:14,"‚ÄúRupee may surge 35% to 40 per dollar if Modi becomes Prime Minister, Citigroup‚Äù #AbKiBaarModiSarkar http://t.co/qzYq94qXi9"
451440038476136461,2014-04-02 19:24:27,RT @BeerOholic: Sach ka saamna http://t.co/MauZpAcIQ0
451438588605902849,2014-04-02 19:18:41,This has never happened in the history of Indian politics ‚ÄúAn army in US battles for Narendra Modi's cause‚Äù http://t.co/JD06M3Aa6V
451437901314658307,2014-04-02 19:15:57,"Modi wave sweeps Delhi, AAP on downgrade slide: Opinion poll¬ù #NaMo4PM
http://t.co/sW6yowoNoE"
451084283700989952,2014-04-01 19:50:48,RT @jayantsinha: Why India needs Aadhaar - Livemint http://t.co/ljWpXR28IA We sponsored this study while I was at Omidyar! Brilliant work -‚Ä¶
451084004456812544,2014-04-01 19:49:42,"RT @jayantsinha: Wonderful event with Shri Rajnath Singhji today in Ramgarh. Spoke in front of 15,000 people and got an excellent response ‚Ä¶"
451048869283905536,2014-04-01 17:30:05,Anyone who has worked in Modiji's administration knows that the man is incorruptible. He has zero tolerance towards corruption.
451045756921602048,2014-04-01 17:17:43,@kiranshaw Absolutely. Tremendous opportunity ahead.
451045000046854145,2014-04-01 17:14:42,RT @kiranshaw: @Modi True - that's what we need to do - move unskilled jobs into value added jobs through skill development
451044588770185216,2014-04-01 17:13:04,"That's where Modi's vision of skill dev comes in ""@kiranshaw We graduate 80 lakh young people each year but hardly 10 lakh get employment"""
451044078877044736,2014-04-01 17:11:03,"We need the youth of India to come out &amp; vote in unprecedented numbers. If we do so, no one can stop the #India272 dream."
451043699477065728,2014-04-01 17:09:32,"Friends, let's stay focussed on what matters, which is to get each &amp; every eligible voter in India to cast his/her vote."
451041446846410752,2014-04-01 17:00:35,"Folks, please make sure that you have your voting ID card in place. If not, please apply for one. Encourage friends &amp; family to do the same!"
450868122438737920,2014-04-01 05:31:51,Read the full transcript of @narendramodi's interview to ETV http://t.co/sSHEOdJZN8
450866880819892224,2014-04-01 05:26:55,More power and strength to @smritiirani ji. May she emerge victorious at Amethi.
450864200592547840,2014-04-01 05:16:16,"If we don't make this man our PM, it will be India's loss not his. https://t.co/ccYAoOxh7X #NaMo4PM"
402342311759073280,2013-11-18 07:47:36,RT @chetan_bhagat: People walking out of Rahul Gandhi's rallies clearly shows Indians have poor judgment. Nobody wants free entertainment o‚Ä¶
397199873591611392,2013-11-04 03:13:24,RT @sardesairajdeep: Great memories of Ahmedabad during New Year: lots of farsan to eat! Can't take Gujarat out of me! Saal mubarak again!
394533937877225472,2013-10-27 18:39:55,RT @BDUTT: Rahul Gandhi cant claim the tragedies of his political history while refusing to own its mistakes: http://t.co/4NHU98C9r3
394533669055893504,2013-10-27 18:38:51,RT @sirudrani: Cameras show Rahul Gandhi waving before his speech... but who is he waving at??? Show us the crowd... let us also view the g‚Ä¶
394533344949456896,2013-10-27 18:37:34,"RT @ChouhanShivraj: Home minister launching music, when there were blasts in Patna. Now it's time for them to hear the music! http://t.co/P‚Ä¶"
394531847461298176,2013-10-27 18:31:37,RT @news_houndz: Blasts in Patna and union home minister Sushil Kumar Shinde enjoying dance at music launch of film Rajjo http://t.co/bQ2ao‚Ä¶
394531498792992768,2013-10-27 18:30:14,RT @rahulkanwal: All high rises around Gandhi Maidan packed to the brim. Only other place this happens is in a cricket stadium. #HunkaarRal‚Ä¶
394531471987183616,2013-10-27 18:30:07,"RT @RMantri: If you think the NYT editorial on @narendramodi makes false assertions, consider writing to their public editor. http://t.co/l‚Ä¶"
394410192923668480,2013-10-27 10:28:12,"RT @lifemadeamazing: Whenever Modi mentions that he sold tea at a railway platform, my eyes get moist.... he has done every Gujrati proud #‚Ä¶"
389519225947058176,2013-10-13 22:33:15,RT @BDUTT: The most tragic irony. On the day you survive the mighty wrath of nature you lose more than a 100 lives in a man-made mishap
389519051099078656,2013-10-13 22:32:33,RT @madhukishwar: Congress supporters who are professional BJP baiters need to have mercy on their own party- pl don't lower its image furt‚Ä¶
388785216216506368,2013-10-11 21:56:33,"Google survey says Narendra Modi most searched politician in India #NaMo4PM
http://t.co/HfuEw1HpKl"
388784746043432960,2013-10-11 21:54:41,"With Narendra #Modi as PM, Pak will be forced to shut down terror camps: BJP http://t.co/d3HlHhfJaI"
388573098133291008,2013-10-11 07:53:40,RT @ratigirl: Pranabda seems to have found his #EscapeVelocity away from Madam.. changes his itinerary to accomodate #Namo!
388573017401331712,2013-10-11 07:53:21,"RT @bjponline: NaMo Youth Anthem http://t.co/Na2UIaVbPn  

#NaMo @narendramodi"
383613662146994177,2013-09-27 15:26:38,RT @timesnow: Former media advisor to PM Sanjaya Baru: PM Manmohan Singh must resign
383613524028583936,2013-09-27 15:26:06,"RT @ProudAssamese09: By using words like 'nonsense' 'torn' and 'thrown' by Rahul Gandhi, he made it clear how much Gandhis respect our @PMO‚Ä¶"
383486258359439361,2013-09-27 07:00:23,"RT @chetan_bhagat: How about 1 family? ""@timesofindia: Opposition thinks that just one man can run the nation: Rahul Gandhi http://t.co/iuq‚Ä¶"
383255134446186496,2013-09-26 15:41:59,RT @narendramodi: With @BJPRajnathSingh at Trichy...amazing atmosphere http://t.co/YBbF4wcuCL
383254600846831616,2013-09-26 15:39:52,"RT @yparikh: ""A stunning photo of Modi rally ! (frm backside) #ModiInTrichy  (c) Dinamalar http://t.co/5lthYlDJyT"" @MistryMania  via @nithi‚Ä¶"
383242872935297024,2013-09-26 14:53:15,RT @VarshabenDoshi: at Trichy...amazing atmosphere @narendramodi http://t.co/5FQRFi3Jfg
383242403982753792,2013-09-26 14:51:24,RT @DeshGujarat: NaMo at Padmanabh mandir in Kerala today morning. http://t.co/YzlQJrLJtu
383242037702557697,2013-09-26 14:49:56,RT @sirudrani: Oh my my! Massive crowd!!! Incredible support! Rocking atmosphere! And THEY say @narendramodi is just a regional minister. #‚Ä¶
381591365533962241,2013-09-22 01:30:45,Mumbai's Satta Bazaar bets on Narendra Modi for a win in 2014 Lok Sabha polls http://t.co/8UFtG3xMIn
381588913539653633,2013-09-22 01:21:01,Watch live #NaMo addressing Indian diaspora in the US http://t.co/xdfG63LWH2
356557540865216512,2013-07-14 23:35:16,"RT @shivsBHARAT: And it's me with ""Modi ji Aap Aage Bado, Desh Aapke Saath Hai' #NaMoInPune http://t.co/8rVKZptWrz"
356557092372492288,2013-07-14 23:33:30,RT @MatruBhakt: Watched and listened to Shri @narendramodi in Pune from just few meters away from the podium ...Wow What an Incredible Expe‚Ä¶
344127472276746240,2013-06-10 16:22:37,"RT @Dptoshniwal1: Why Gujarati Muslims are with #Modi? - by Zafar Sareshwala
 http://t.co/3yUaiVmY53"
332909132879368193,2013-05-10 17:24:57,Change will not come if we wait for some other person or other time. We're the ones we've been waiting for. We are the change that we seek.
332908581487783936,2013-05-10 17:22:45,You can't hope to change your country without changing yourself.
332908150002970625,2013-05-10 17:21:02,Corruption is deeply rooted in Indian culture &amp; values. Poverty &amp; illiteracy only make that worse.
332907228132700163,2013-05-10 17:17:22,"India, my friends, is a failed democracy today."
332906856806768641,2013-05-10 17:15:54,"Law &amp; Railway ministers resigning is not enough. If The Prime Minister of India has any shame left, he should resign &amp; dissolve the govt."
331216276842217472,2013-05-06 01:18:08,RT @prasannavishy: Chk out brazenness with which Kangressis act based on exit polls. Imagine what will be their attitude if they win real o‚Ä¶
331214190264066048,2013-05-06 01:09:51,RT @IndiaToday: PM Manmohan Singh accountable for rampant corruption in his Government http://t.co/VR8I9dEywx #NaMo4India #NaMo4PM
331213736989822977,2013-05-06 01:08:03,RT @charitywater: Excited to go back to India this year to find out how we can bring more clean water like this to people in Orissa. http:/‚Ä¶
331107984572825600,2013-05-05 18:07:49,"Folks, lets learn to ignore jokers like @JhaSanjay. Many important things to do than feeding the trolls."
330922363401158657,2013-05-05 05:50:14,"""Prime Minister Manmohan Singh has become a political liability for the Congress"" -IndiaToday http://t.co/sGzgGFuLUI"
330921902006751232,2013-05-05 05:48:24,#Vote4BJP RT @narendramodi: Your vote is very precious! Urging the people of Karnataka to go out &amp; vote in large numbers. #NaMo4India
330920752331235330,2013-05-05 05:43:50,RT @gameonbuzz: These days my daily dose of positive energy capsules are hearing @narendramodi speak ! #NaMo #NaMo4PM #VoteBJP
330882631233318912,2013-05-05 03:12:21,Hilarious! RT @fakingnews: Chinese soldiers in Ladakh demand Manmohan Singh‚Äôs resignation http://t.co/nhBuzxZuuJ #VoteBJP
330882185542393856,2013-05-05 03:10:35,Victory in Karnataka critical for the #NaMo4India dream to come true! #VoteBJP #bangalorevotes
330881483181010944,2013-05-05 03:07:47,RT @chetan_bhagat: Now I know why there are cockroaches in our trains. Because cockroaches are running it at the top.
330389731907076096,2013-05-03 18:33:45,"Shocking. #SarabjitSingh autopsy: kidneys, heart missing, say doctors 
http://t.co/gHmLvbXZIl"
330384319052906498,2013-05-03 18:12:14,"Manmohan Singh not allowed to speak in Delhi, says Narendra Modi #NaMo #NaMo4PM http://t.co/hq9dNRhSg3"
330383977510731776,2013-05-03 18:10:53,Gujarat story can be repeated all over the country: Narendra Modi #NaMo4PM #NaMo4India http://t.co/AyN5U2yeuB
330159034814562304,2013-05-03 03:17:02,"""Constitutional institutions being degraded by UPA govt:"" #NaMo #NaMo4PM http://t.co/59JRzEqLFn"
330011347590991873,2013-05-02 17:30:11,"RT @iPallabiDowerah: While Sonia struggles through the written text at Gulbarga, #NaMo roars spontaniously at Managalore! #NaMoInMLR"
329935072549564417,2013-05-02 12:27:05,"""Truth about #SarabjitSingh's death must come out"" #NaMo http://t.co/TvHUHwxJD6"
329920222343593985,2013-05-02 11:28:05,UPA govt not fulfilling Dandi march route promise says #NaMo http://t.co/cs5SRGciCy
329872470100303872,2013-05-02 08:18:20,"#SarabjitSingh RT @rakeshhgupta We serve BIRYANI to Kasab, they serve BRICKS to Sarabjit, Impotent govt be it Pakistan or China."
329871634481688577,2013-05-02 08:15:01,Shocking to see @ShashiTharoor offer baseless excuses for #UPA govt's inability to save #SarabjitSingh.
329867687620657152,2013-05-02 07:59:20,Video now online for #NaMoInMlr http://t.co/hBx9ValSSw
329819047627722752,2013-05-02 04:46:03,"Weeks after they've made #Ladakh their home? &gt;&gt; ""Army Chief briefs Cabinet committee on incursion"" http://t.co/i5YSkhByXk"
329813457694240770,2013-05-02 04:23:50,"Our nation, at a new low! RT @Ayushikapoor89: Our women r raped, our land is encroached, our men are dying... The govt sleeps. #Sarabjit"
329811257811156992,2013-05-02 04:15:06,"RT @nanditathhakur: Thanx 2 @semubhatt  got chance 2 interact with muslims of my city and came 2 know they call @narendramodi Farista, he h‚Ä¶"
329811026847600640,2013-05-02 04:14:11,RT @SushmaSwarajbjp: It is a cold blooded murder. This is not the way civilized nations behave. #SarabjitSingh
329796665932382208,2013-05-02 03:17:07,Lack of action by the Prime Minister against Chinese invasion of #Ladakh is appalling. Are we going to wait until they reach New Delhi?
329782750435479554,2013-05-02 02:21:49,"The incompetence, unwillingness and sheer escapism of this spineless government has cost us an innocent soul. RIP #SarabjitSingh"
329557840706551810,2013-05-01 11:28:06,"Allegations against Modi all hearsay, contends SIT http://t.co/TTZdAZlBBw #NaMo4PM #NaMo4India #NaMo"
329456659804086272,2013-05-01 04:46:03,"Swiss, Canadian envoys meet Narendra Modi http://t.co/X5yNFIXSQK #NaMo4PM #NaMo"
329434258965934081,2013-05-01 03:17:02,Sanjiv Bhatt's statements against Narendra #Modi unreliable: SIT http://t.co/yetvBTNUdE #NaMo4India #NaMo4PM #NaMo
329286649391480833,2013-04-30 17:30:29,"""Politics for me is not an AMBITION, but a MISSION"" - Shri Narendra Modi #NaMo4India #NaMo4PM #NaMoMantra http://t.co/cy2uZLrXV9"
329210301469843457,2013-04-30 12:27:06,RT @abhijitmajumder: The End Of The Gandhis: http://t.co/dDxUKyjWF3 Foreign Policy magazine's unflattering take on Rahul and dynasty.
329195456901042176,2013-04-30 11:28:07,"""Top cop @SanjivBhatt did not attend @narendramodi's February 2002 meeting, says SIT"". Any comments Bhatt saab? #NaMo http://t.co/JcneXqeham"
329147873595891712,2013-04-30 08:19:02,The Citizens of India have made it loud and clear today: ENOUGH IS ENOUGH. This MUST change. #MMSResign #ChangeIndia
329141867755237376,2013-04-30 07:55:11,"Firing the #CBI director not enough, entire institution needs to be dissolved and rebuilt from ground up. But first, #MMSResign. #CoalGate"
329139694099116032,2013-04-30 07:46:32,@sagarikaghose there is no debate. the CBI is corrupt from head to toe. so is your Prime Minister. and so is your media. #CoalGate #PMResign
329138695796043777,2013-04-30 07:42:34,The Prime Minister of India has today brought a nation to disgrace and insulted the democratic foundations of India. #CoalGate #PMResign
329138016172003328,2013-04-30 07:39:52,"""No longer possible to give PM benefit of doubt"" http://t.co/74Wnj3naoB #PMResign #MMSResign"
329136710774571009,2013-04-30 07:34:41,"Well said ""@MohitParmarr ‡§ï‡•ç‡§Ø‡§æ ‡§Ö‡§Ç‡§§‡§∞ ‡§π‡•à ISI ‡§î‡§∞ CBI ‡§Æ‡•á‡§Å? ‡§µ‡§π‡§æ‡§Å ‡§∏‡§∞‡§ï‡§æ‡§∞ ISI ‡§ï‡•á ‡§á‡§∂‡§æ‡§∞‡•ã ‡§™‡§∞ ‡§®‡§æ‡§ö‡§§‡•Ä ‡§π‡•à ‡§î‡§∞ ‡§Ø‡§π‡§æ‡§Å CBI ‡§∏‡§∞‡§ï‡§æ‡§∞ ‡§ï‡•á ‡§á‡§∂‡§æ‡§∞‡•ã ‡§™‡§∞ ‡§®‡§æ‡§ö‡§§‡•Ä ‡§π‡•à"" #PMResign"
329136031922282496,2013-04-30 07:31:59,Corruption deeply rooted in CBI and other independent national institutions which are held in high esteem. This must change. #PMResign
329134856317595648,2013-04-30 07:27:19,"RT@PTI_News CBI director to specifically state if draft report was shared with any one other than Law Minister, Jt Secretary &amp; Coal Ministry"
329133429012713474,2013-04-30 07:21:39,"""UPA under Manmohan Singh is the worst government in Indian history: Sushma Swaraj"" #ResignMMS #CoalGate #PMResign"
329122022129033216,2013-04-30 06:36:19,The very foundations of this country have been exposed as corrupt and sold. India Disgraced. #CoalGate #PaidCBI #UPA
329120712411463680,2013-04-30 06:31:07,"#CoalGate is a gnarly nexus of #PaidMedia, corrupt CBI officers, entire #UPA and the PM."
329119590766489601,2013-04-30 06:26:39,Extremely saddened but not shocked to see how corrupt the pillars of our country are. #CoalGate  http://t.co/2Ybcm7SfYH
329094306667307010,2013-04-30 04:46:11,"""If you start writing the 2G scam amount of 1 lakh 76 thousand crores the last zero will end at 10 Janpath"" #NaMo http://t.co/rSi1TD4BG7?"
329071900158459904,2013-04-30 03:17:09,"""I have never seen such a weak and vision less government"" http://t.co/zudZb5wOxP #NaMoInBlr #NaMo4PM #NaMo4India"
329040720658837504,2013-04-30 01:13:15,Suprabhat from Team #NaMo4India. May the rising sun bring you closer to your dreams today.
328913450988359680,2013-04-29 16:47:32,"""Dreams are not seen when you sleep, dreams are those that don't let you sleep"" - Shri Narendra Modi #NaMo4PM #NaMo http://t.co/aYcIRrTuwI"
328912540941824002,2013-04-29 16:43:55,"Nicely done! ""Kya Modiji pradhan mantri ban gaye hai??!"" Jai Hind. #NaMo4PM #NaMo4India http://t.co/0pT5EdDoPl"
328897114228789248,2013-04-29 15:42:37,"RT @abhijitmajumder: PM Manmohan Singh promises corruption-free Karnataka if Congress comes back to power. A slightly belated joke, althoug‚Ä¶"
328783396564254720,2013-04-29 08:10:44,Secularism begins with inclusive development. RT @asraghunath A Gift from a Muslim admirer pleases #NaMo! #NaMo4PM http://t.co/sJEM6H19yH
328781332576620544,2013-04-29 08:02:32,Not surprised! RT @KiranKS Prime Minister of India addressed a rally in Karnataka at 10.30. But Suvarna TV was showing REPEAT of #NaMoInBlr
328780870011994113,2013-04-29 08:00:42,"RT @manojsirsa: ""@__Shilpi__: #NaMoInBlr Narendra Modi @narendramodi  for PM let me see how many retweets! Come on guys lets make it viral ‚Ä¶"
328778325558431744,2013-04-29 07:50:36,"Folks, any comparison between #NaMoInBLR and #MMSinBLR? http://t.co/GcSeaXgZPK"
328776170323709952,2013-04-29 07:42:02,@rameshsrivats well said.
328776164132913152,2013-04-29 07:42:00,"RT @rameshsrivats: I wish I had a job where I could land up, scream & rant, eat a subsidized lunch, and go home. But for that I'd need to w‚Ä¶"
328773250932936705,2013-04-29 07:30:25,@brickmetal @harshaperla @narendramodi certainly is!
328761496727326720,2013-04-29 06:43:43,Inspiring!! RT @harshaperla: Old man wathing #NaMoInBLR standing on the chair http://t.co/SSX7LtKNOa
328761255781347330,2013-04-29 06:42:46,"RT @ndtv Modi on 2G: If you start writing the scam amount on road, 1 lakh 76 thousand crores, last zero will end at 10 Janpath #NaMoInBlr"
328748136841494529,2013-04-29 05:50:38,RT @iManishAgarwal: Shri Narendra Modi addresses a huge BJP Public Meeting at Bangalore Full Speech #NaMoInBLR http://t.co/dDu0F2I3iz
328699372973989888,2013-04-29 02:36:52,Suprabhat. Vande Mataram. #NaMo4PM
328698911231467521,2013-04-29 02:35:02,"Kabil Sibal says that Delhi is ""distant"" for Modiji. Sibalji, we feel that you are distant from reality. #NaMo4PM http://t.co/0Rj39lqt37"
328588748591865857,2013-04-28 19:17:17,"Nonstop chants of Modi, Modi!! as Modiji walks towards the microphone. When was the last time a political leader enthused crowds so much?"
328587979130040320,2013-04-28 19:14:13,"""Narendra Modi Rocks Bangalore""
#namoinblr #NaMo4PM cc @narendramodi 
http://t.co/5zsSbO91cE"
328587514212401153,2013-04-28 19:12:22,RT @Nalamara: Modi- I do not take money nor do I allow others to do so BJP #NaMoInBlr
328587414488612865,2013-04-28 19:11:59,"RT @madhukishwar: Anti Modi, anti Gujarat vitriol coming frm people who've no link with Gujarat. Only common connection: Cosy relations wit‚Ä¶"
328586947549343746,2013-04-28 19:10:07,@madhukishwar appreciate and respect ur bravery and patriotism. Stay safe. Stay strong. #NaMo4PM
328586127659384833,2013-04-28 19:06:52,RT @shilpitewari: that's brilliant!! ‚Äú@harshaperla: BJP campaign vehicle with LED screen. #NaMoinBlr was aired live today in 20 places http‚Ä¶
328585087190962176,2013-04-28 19:02:44,Full video of Shri Modi addressing a huge BJP meet in Bangalore #NaMoInBLR #NaMo4PM #NaMoMantra #NammaNaMO  http://t.co/NpRgftG19f
328584617542168577,2013-04-28 19:00:52,"RT @ndtv: Modi on 2G: If you start writing the scam amount on road, 1 lakh 76 thousand crores, the last zero will end at 10 Janpath. #NaMoI‚Ä¶"
328390044140314624,2013-04-28 06:07:42,@sardesairajdeep hope you feel better soon.
328389220756504576,2013-04-28 06:04:26,RT @sigayatri: So Bangaloreans will get to see my ferocious lion-hearted leader @narendramodi . Yayiyee #NaMoInBangalore :)
328387523388772352,2013-04-28 05:57:41,RT @bjpkarnataka: Modi will be addressing a public gathering on 28th April at National College grounds  Basavanagudi Bengaluru #NaMoInBLR
328234880678907907,2013-04-27 19:51:08,"""I'm CM today and will be CM forever"" #NaMoMantra #NaMo4PM http://t.co/wYSQTzavkv"
328229979513040896,2013-04-27 19:31:39,"RT @rameshsrivats: Happenings in Kerala -
April 24 - NaMo
September 16 - OnAm
#namoinkerala #NaMo4PM"
328076278336978944,2013-04-27 09:20:54,RT @AnupamPkher Sarabjit Singh is an Indian beaten up in Pak jail. Our Govt's Politically Correct responses on every issue are so meek..
328075280394641409,2013-04-27 09:16:56,Pakistan grants visa to family of Sarabjit Singh to visit him in hospital via @ibnlive
328072139494281216,2013-04-27 09:04:27,"Modi did not incite riots: SIT - Hindustan Times #NaMo4PM #NaMo
http://t.co/zRmnBrAZ6T"
328071684462620672,2013-04-27 09:02:39,‚ÄúThere seems a total blackout in putting our stand forward with firmness &amp; showing our power to our neighbours‚Äù #NaMo http://t.co/cStgzLZmoM
327956942188322816,2013-04-27 01:26:42,RT @mediacrooks: No.. this is not an airport... its the new upcoming Central bus stand of the Gujarat state road transport... http://t.co/v‚Ä¶
327897263051505664,2013-04-26 21:29:34,‚ÄúI am not just the leader of Hindus‚Äù #NaMo #NaMoInHaridwar #NaMo4PM http://t.co/TpusbR7c7v
327896886549831682,2013-04-26 21:28:04,"""In Gujarat riots happened every other day &amp; innocents were killed, today after 12 years there is not a sign of riots"" #NaMo #NaMoInHaridwar"
327859476201889792,2013-04-26 18:59:25,"""If someone says I represent Hindus alone, it would be unfair. I'm a leader of masses &amp; strongly believe in serving all communities equally"""
327859176057499649,2013-04-26 18:58:13,Sadhus want Narendra Modi declared NDA‚Äôs PM candidate http://t.co/9Wt9jrCwco
327856070456377345,2013-04-26 18:45:53,@fakingnews @PMOIndia should be PM's PR/Comms office.
327854206318944256,2013-04-26 18:38:28,"RT @doctoratlarge: If Harvard is calling people like Azam Khan to deliver lectures, I think IIPM should be ranked higher than Harvard"
327853318468673537,2013-04-26 18:34:57,@semubhatt do we have a youtube video yet of the speech?
327851938064523264,2013-04-26 18:29:27,Great insightful interview by @madhukishwar on Shri Modi. http://t.co/zVWdj7FIZm
326752404471169024,2013-04-23 17:40:18,"RT @UtsavMitra: ""Modi is dynamic, decisive and a fine man. Many states have learned best practices from him. We have sent teams to Guj to l‚Ä¶"
326242637097082880,2013-04-22 07:54:40,RT @madhukishwar: Congress party keeping minute to minute watch over my movements. Asked for explanation from party worker why he is accomp‚Ä¶
324925191954247680,2013-04-18 16:39:37,@abhijitmajumder comparing Obama to Shinde is like comparing Lamborghini to Ambassador.
324924925225861120,2013-04-18 16:38:33,@sardesairajdeep always better to compare on the basis of what they have done vs. what they have not.
324924600330891265,2013-04-18 16:37:16,@DemocraticApple @mediacrooks wait.. are there humans in UP?
324924392930938881,2013-04-18 16:36:26,@bhupendrachaube there's absolutely no comparison. Modi has delivered and executed for more than 10 yrs. RahulG 0.
324874618949226497,2013-04-18 13:18:39,Browsing through random images for #pappucii and landed on this gem http://t.co/vxLMsOp3Kg
324795509812363264,2013-04-18 08:04:18,"RT @rameshsrivats: Q: What's the difference between Pervez Musharraf and Himmatwala?
A: Himmatwala never ran."
324788648497250304,2013-04-18 07:37:02,Expected but still hilarious. RT @AJELive BREAKING: Pervez #Musharraf flees Islamabad court following arrest order.
324786920704065536,2013-04-18 07:30:10,Tip for @RahulKanwal: Sensationalism doesn't suit you at all. You completely get derailed. Be yourself. Be articulate.
324786242866786304,2013-04-18 07:27:29,RT @ndtv: Shiv Sena: Narendra Modi not responsible for Gujarat riots.
324785751986405376,2013-04-18 07:25:32,Hats off. @smritiirani is one of the most articulate &amp; eloquent political leaders out there. @rahulkanwal got owned. http://t.co/QUYTEY5n9G
